"hpv_16","hpv_18","bmi","cytology","age"
0,0,-0.202924522,"ASCH+","50+"
1,0,1.800857934,"WNR","50+"
0,0,-1.257407177,"ASCUS/LSIL","30-49"
0,1,1.527418223,"ASCUS/LSIL","50+"
0,0,-1.957110401,"ASCH+","50+"
0,0,0.295730282,"WNR","30-49"
0,1,-0.515394225,"ASCUS/LSIL","30-49"
